AD,PRS,ADPRS01,ARL2BP,BC1,ADPlatinum4B01,TTATCCTAGTAAGACAACGGAGACC,ACTCCATATAATACACTTATGACAG
AD,PRS,ADPRS01,ARL2BP,BC2,ADPlatinum4B02,CAATGACCGAAATCCATGTGAGTTA,TAGGATTCTTGCTAATGGTAGGATC
AD,PRS,ADPRS01,ARL2BP,BC3,ADPlatinum4B03,CTAAAGAATAGAGGAATTCATACCC,TATGTTACCGAAGCATTGGCAGAGG
AD,PRS,ADPRS02,BIK,BC1,ADPlatinum3J22,GTTCGTAGCGAAGACTAAAGGCTCT,TGAGATGGCTGAGGTGAGCACGACT
AD,PRS,ADPRS02,BIK,BC2,ADPlatinum3J23,AATACCACAGAATATGTAATTGAAT,AGGTAACGTTGAAATACATGGGGGC
AD,PRS,ADPRS02,BIK,BC3,ADPlatinum3J24,TCCCCCAGTGGAACCAAAAGTAATC,TTTCATAAATGGATATTACCTGCAT
AD,PRS,ADPRS03,BNIP3L,BC1,ADPlatinum3P03,TGCCCTTGCGGAGCCCGCGCGTACG,TTTTCTCGAATTCTAATGGGAACGC
AD,PRS,ADPRS03,BNIP3L,BC2,ADPlatinum3P04,GTTTTGACGCATAAGTCAGGTCCAA,AGACTTTACTTCAATGGAGATATTT
AD,PRS,ADPRS04,CNOT7,BC1,ADPlatinum4B16,TGAAGAAATAGATCTGACCAGGTGA,ATTTCCTAGTGGTAAGCAGACGTT
AD,PRS,ADPRS04,CNOT7,BC2,ADPlatinum4B17,ATTCTGTCATACGTGGTAATCATGA,CCGTAGGTTCTTTAATAGTGTCTTA
AD,PRS,ADPRS05,CDK4,BC1,ADPlatinum3N21,ATGGTAAGTAATACCATACTAAATA,ACATATCAGTACTCCAAACCGCCTG
AD,PRS,ADPRS05,CDK4,BC2,ADPlatinum3N22,TAGTTTAGCGTAGTTCCAGAGATAA,GTCTCGTAGCTGTCCTTAAGGTGTC
AD,PRS,ADPRS05,CDK4,BC3,ADPlatinum3N23,TCCTCTATCAAATGAAAAATCGAGA,TACAGATTCATCAATGGATAGAGGA
AD,PRS,ADPRS06,CDKN2D,BC1,ADPlatinum4B20,CTAGTAAAAAGGCTTACAACGTCAG,GTGATAAGTCCGTGTAGCCGGATTG
AD,PRS,ADPRS07,CCND3,BC1,ADPlatinum4B04,ACTTCGTCTACCAGATATGGAAAGG,CCACATCTTTATTCACAAGGGCGAA
AD,PRS,ADPRS07,CCND3,BC2,ADPlatinum4B05,TGCCCAAGGGTGGGAACCTCCTTAC,CGTTTCACTGGAATCAGACCAAGTG
AD,PRS,ADPRS07,CCND3,BC3,ADPlatinum4B06,ACCCGCCCTGCAATTCTGGCGGGTT,CTTCGCCTAGCATTATTTCATTTTG
AD,PRS,ADPRS08,EXOSC5,BC1,ADPlatinum4A21,GACTGTTCTTGAACGATCTGAACAA,ATCAAGAATAGCTAGGGTCTAGGCT
AD,PRS,ADPRS08,EXOSC5,BC2,ADPlatinum4A22,GCCCGCTAATAATTTAAGTAAAGTG,AACTCGGAGGCCGGTAAATCGCCTT
AD,PRS,ADPRS08,EXOSC5,BC3,ADPlatinum4A23,ATGCTCGTGTATTCGAAATAAACAA,TAATTGCAATCATAACATATATTTT
AD,PRS,ADPRS09,IKZF1,BC1,ADPlatinum4B07,TAAGCTTACACTGCACAATAAGTCA,CTAGCTGTTTTATTTGTTATTTTAA
AD,PRS,ADPRS09,IKZF1,BC2,ADPlatinum4B08,GTACGAGACTTCAACTAGTAGGTAG,AATTGTGGTTTTTTCAGTTAGCGCT
AD,PRS,ADPRS09,IKZF1,BC3,ADPlatinum4B09,TGTACATGAGCGTTTAAACGATCTA,GTCTCCGCAAACATAATTTACATAA
AD,PRS,ADPRS10,AP2B1,BC1,ADPlatinum4B13,ATATTAATGACTTCAAAAATAAAGG,AGTGATTTCAGGTTTTTATGGCTTC
AD,PRS,ADPRS10,AP2B1,BC2,ADPlatinum4B14,TCTATTCTTTTGGTCCTTCAGTGAC,TACGAGCCGGGAGGTCAAGGCGAAA
AD,PRS,ADPRS10,AP2B1,BC3,ADPlatinum4B15,AAGTGTTTCTCAGTAGAGGAACATA,GGGCCAAAACTTTACTAACTCTCTG
AD,PRS,ADPRS11,LSM3,BC1,ADPlatinum3M13,AAAGGCACGAGGAACTGAGACGATT,CTATATTAAATTTTAATTGACTTAT
AD,PRS,ADPRS11,LSM3,BC2,ADPlatinum3M14,TAATAGACGATATGCTTAACCTTAT,GGCTATACAACCTGAACTATACGAA
AD,PRS,ADPRS11,LSM3,BC3,ADPlatinum3M15,ACCGTTCCCCGCATCTCCGTACCCA,CGGTTGATTGTAGCTGGCGAACGAA
AD,PRS,ADPRS12,MRFAP1L1,BC1,ADPlatinum3O05,AAGTATTGAATGGTTGTATTGTATG,TTTACCGGATCTCCAGCAGTCTTTG
AD,PRS,ADPRS12,MRFAP1L1,BC2,ADPlatinum3O06,TGATAGCCGAACGTGCATGTCAAAA,TTTAGCAGCTGTGTCTCTGTGACAC
AD,PRS,ADPRS12,MRFAP1L1,BC3,ADPlatinum3O07,ACCGCCCCCGCAACCCGGCTGACTT,ATGAATTGAATGTTCCAAACTTTGG
AD,PRS,ADPRS13,MORF4L1,BC1,ADPlatinum3J20,TTCGGATCGCCCACCGCGCCTGGCT,ACCGTTCTGGGTATTAAATGAGGGT
AD,PRS,ADPRS13,MORF4L1,BC2,ADPlatinum3J21,ACCACAACATTTAACACCTCCCAGA,AAAAGGAGATGGGACCCAACACATT
AD,PRS,ADPRS14,PSMD2,BC1,ADPlatinum3O24,GACTATGGAGATAACTGCTTCGAAC,AAACCGTCCTGTGATCGCATGGAAA
AD,PRS,ADPRS14,PSMD2,BC2,ADPlatinum3P01,AGATTTGCGGTTTAGCAGGTCACGT,GTAACATCAGCAGCGTGAAAGCGCT
AD,PRS,ADPRS14,PSMD2,BC3,ADPlatinum3P02,CCTATTAGTTTTCCAATTTCCTTTT,ACTGATGCGATGTAAGCAAAGATCT
AD,PRS,ADPRS15,PSMC2,BC1,ADPlatinum3M10,AAGGCCTCCGAAATGTAATAATGAT,TCGCCAAAAATGCGAGTGAAGCTAT
AD,PRS,ADPRS15,PSMC2,BC2,ADPlatinum3M11,CGCTATTGAGATTCCTATCCAGCAC,GCGGTCAAAGGCTAGGCCGTGGGCA
AD,PRS,ADPRS15,PSMC2,BC3,ADPlatinum3M12,TTCAACAATTGGGAGATATGAATGC,ACCATGGATGTCGCTATTCTTTATA
AD,PRS,ADPRS16,S100A1,BC1,ADPlatinum3P18,TTTTAAGTCACTAGAGTTGTTACGG,GATCCAAAAGTTATTTTCAGCTACA
AD,PRS,ADPRS16,S100A1,BC2,ADPlatinum3P19,AAATTAGTCTGATAGCGCTACGGTC,AAAATTCAATTTACAATATAAATTA
AD,PRS,ADPRS16,S100A1,BC3,ADPlatinum3P20,GGTTGCCAAAGAAGACACAAATATG,CTGATAGAGTGTCTACCTATAGTGT
AD,PRS,ADPRS17,SH3GLB2,BC1,ADPlatinum3H24,ACGCAATGGTGTATTCAGTTTATAA,CACTGGACAGGGCGCCGGGGTGGGT
AD,PRS,ADPRS17,SH3GLB2,BC2,ADPlatinum3I01,GAGTTCGGTGTACTTCAAAGTAACT,TTGGCCCCCTTTTCATTAATGTATA
AD,PRS,ADPRS17,SH3GLB2,BC3,ADPlatinum3I02,AAATCTTCCTCGTGTGCGACGTTAA,CATTGTCTGACCTCCCAGTGCATGA
AD,PRS,ADPRS18,CEP55,BC1,ADPlatinum4B10,AATCTCAGAGTCACGGGAACTGACC,AAGGTGAGTGAACCTGTGTACTTGC
AD,PRS,ADPRS18,CEP55,BC2,ADPlatinum4B11,ACCCGACCGCACCCCGACGGAAACT,CTGAGATATTAGAGGGATAAGCAAT
AD,PRS,ADPRS18,CEP55,BC3,ADPlatinum4B12,AAAGGCCAGGTGTTAGGCAATCGTA,TTTATTCTTATCCTGATACTGTTCC
AD,PRS,ADPRS17,S100A1,BC2,AD001E21,CTGATAGAGTGTCTACCTATAGTGT,GGTTGCCAAAGAAGACACAAATATG
AD,PRS,ADPRS17,S100A1,BC3,AD001E23,GATCCAAAAGTTATTTTCAGCTACA,TTTTAAGTCACTAGAGTTGTTACGG
AD,PRS,ADPRS18,SH3GLB2,BC1,AD001D5,TTGGCCCCCTTTTCATTAATGTATA,GAGTTCGGTGTACTTCAAAGTAACT
AD,PRS,ADPRS18,SH3GLB2,BC2,AD001D7,CATTGTCTGACCTCCCAGTGCATGA,AAATCTTCCTCGTGTGCGACGTTAA
AD,PRS,ADPRS18,SH3GLB2,BC3,AD001E20,CACTGGACAGGGCGCCGGGGTGGGT,ACGCAATGGTGTATTCAGTTTATAA
AD,LPG,ADLPG01,lpg0080,BC1,AD001A14,TTATAGACCTTTCTCATTGTGACGT,AAGTGAAACTTAGTAGTGACTCGGA
AD,LPG,ADLPG01,lpg0080,BC2,AD001B5,TTCTTGCCTAAATCGTTATATCTCC,ATAACTAAGTTACTAGCGACCCGGT
AD,LPG,ADLPG01,lpg0080,BC3,AD001C10,TGCCGTTGAAGGTTAAAGAAGGTAT,ATCAATTACACAGATGAAAAAACGG
AD,LPG,ADLPG02,lpg0081,BC1,AD001A1,GATGTTTAGTTTGGCCGATGGTTTA,TACTCCACATCAACGGGTAAATATC
AD,LPG,ADLPG02,lpg0081,BC2,AD001A15,AGAGGAATTCGTGGTTCATGATTCA,GGGCGAAGTAATGCCAGTGCACCCT
AD,LPG,ADLPG02,lpg0081,BC3,AD001B22,CTAAGTTTCTATAACTGATTGGGGA,TACCTCAGCCCGGTTATAACCCTAG
AD,LPG,ADLPG03,lpg0130,BC1,AD001B6,GGGAGGCAACAGGTCATGGATGCAT,GTATCCTCCTTCAGTTTTTACCGAT
AD,LPG,ADLPG03,lpg0130,BC2,AD001C16,TTTGAGCCCGGGTCAGGTCTGGGGA,CTAGACGTGAGGTGAGGAGTATTGT
AD,LPG,ADLPG04,lpg0208,BC1,AD001B23,CTATTTCACTAGCGTTGGTACCATT,TCTTAGAGGCAAAGCAACTAAGGAT
AD,LPG,ADLPG05,lpg0210,BC1,AD001B15,TTTAGGTGAACCGAAGGTTAAGATG,CCGTTGTGTGAGCGACCAAAGTAAA
AD,LPG,ADLPG05,lpg0210,BC2,AD001B24,CTCGCGGCAGTGTATGTATTTTTTT,GGTTTTTGTAACGATGGTAATGAAC
AD,LPG,ADLPG05,lpg0210,BC3,AD001C17,GTCACTACAGCGAGCTTATGGTTGT,TAGGACCACCATAGGTGGAAAAGTT
AD,LPG,ADLPG06,lpg0234,BC1,AD001D4,GTGACAGGTATCAATTGTGTAATTT,TGGGAGCATTGTAAATGGTACAGGA
AD,LPG,ADLPG06,lpg0234,BC2,AD001D6,AGGGATATCGGTCATCTGAACTAAG,TACCCTGCGAAATAAAATGAATAAA
AD,LPG,ADLPG07,lpg0436,BC1,AD001B7,TAAGGGGTCCGTAGGTACGACTAAG,TTAAAAGTTAGCTGA
AD,LPG,ADLPG07,lpg0436,BC2,AD001C1,GCACGGTTGAGTATAGTACACTACT,CGCCACAATTATCATTGCTAATATA
AD,LPG,ADLPG07,lpg0436,BC3,AD001C2,TTGAGTTGTCTTAAACGAACAGACC,TCGTGCCAACCGCATATACCTACAG
AD,LPG,ADLPG08,lpg0437,BC1,AD001B8,CACGTTACTCCTTAAGTCGTAACGA,TTTGTCCCTAAGTTGAGTTCGACAA
AD,LPG,ADLPG08,lpg0437,BC2,AD001C3,CATTTTGAAGTATATGGTTTATCGT,CTATTTGTGAATTAAAAAACAAACT
AD,LPG,ADLPG08,lpg0437,BC3,AD001C11,CTAGGTAGGGGCGGTGCCTAGGTGT,AAATGTGATCATAAAGCTTGATGAA
AD,LPG,ADLPG09,lpg0695,BC1,AD001A16,ATTTATGAGCAAAATAAATCTGAAC,GACGCAGTGAGAAGGCGACGTCGAT
AD,LPG,ADLPG10,lpg0696,BC1,AD001A2,GATGCGGGCCCCCGGCGGGCAATC,ATAGTTGCTTGCGGTAAAATAAACA
AD,LPG,ADLPG10,lpg0696,BC2,AD001B16,ACTCTAGTTATATATTATATCCCCG,GTATGATAGATAGAATTATAAACCT
AD,LPG,ADLPG10,lpg0696,BC3,AD001C4,TTTATCGTCGACGGCAGTCAAGCAG,TGAGAGGAACTCCCAAGAACAACCT
AD,LPG,ADLPG11,lpg0944,BC1,AD001A3,CCTAATTAGCCATGTGACGGGCTC,TAAGGAATAGATCTGCGTCAAAGAT
AD,LPG,ADLPG11,lpg0944,BC2,AD001A4,CGTGTAGGCCTTAACAGTTGATTCT,ATGTACGACATGTAAAGGATACCAA
AD,LPG,ADLPG11,lpg0944,BC3,AD001A17,ACTATGGTCACTTATAACATATTCT,AAGAATTAAACAGCAGCTGTATTTA
AD,LPG,ADLPG12,lpg0945,BC1,AD001A18,CATGACTCGGGAACTCATCTACCGA,GAGCCGTCTCCCCTAACTTCACTTT
AD,LPG,ADLPG12,lpg0945,BC2,AD001A19,AGTATCATGTTTATCTTCGATTTCA,CCACGATGTACAGGCTTGAACCCTA
AD,LPG,ADLPG12,lpg0945,BC3,AD001B9,CTGGGCTGAAACTCGCTATTGAGTT,TACGCCATAACATTTCAATGAGATT
AD,LPG,ADLPG13,lpg1108,BC1,AD001A20,GTAGAGAGCTTACTGGATACACCGA,TTGAGTAAGATAATGTAGTAGAAAA
AD,LPG,ADLPG13,lpg1108,BC2,AD001A21,TGTTTACTCTGGAAGCGCAGGGCGT,GAAGCCCTGTTAAGCTGTTACGTAC
AD,LPG,ADLPG13,lpg1108,BC3,AD001C12,TTACTTTCGCTAATGTGTATTTTGA,GTCCCACATTAGATTTAAGGTTGCT
AD,LPG,ADLPG14,lpg1148,BC1,AD001A5,GGGTGTCTCTGGGGCTCGTCGGCGT,AACTCCCCGCTACGGTCTACACACA
AD,LPG,ADLPG14,lpg1148,BC2,AD001A22,GCAGCCAGGTTGAGAAAGTTGTCAG,GGAAAATGATTGTGGTACTTCTATC
AD,LPG,ADLPG14,lpg1148,BC3,AD001C5,CCAAAGGTCGTGGCAAGGGCCAGCG,TGATATTTAAGGAAATTGAAGCGCT
AD,LPG,ADLPG15,lpg1701,BC1,AD001A6,TTGAAAAATCTGTGGGGCTTTAGTT,ACAGAGGTATGACTAATTCGTCAAC
AD,LPG,ADLPG16,lpg1959,BC1,AD001D17,ATGTCGGACAGGACCAAAGACGGGC,TTGGTGTAGCACCATGCGTCTGTTA
AD,LPG,ADLPG16,lpg1959,BC2,AD001D20,ACCACCACGCCCGAACTATTATTTA,TCTTTCAGGGGGGCCAGCAGTTAAA
AD,LPG,ADLPG17,lpg2147,BC1,AD001A23,TGGCGGTAGGAACTTGGCACAACAT,TATGAGAGTATCCTGTTGGATTAAT
AD,LPG,ADLPG18,lpg2148,BC1,AD001B10,CCGAACAGACGCCTGCGGTGCGGCG,TCTATCAATCAAAATTATAACATTT
AD,LPG,ADLPG19,lpg2153,BC1,AD001B17,TTCAGTGTGCAATAGCTGTTGTAAG,ATAAGCTCGACTGTACCTGGGCATA
AD,LPG,ADLPG20,lpg2155,BC1,AD001A7,CCCTCTAGTCGTAGCCCCTGATCCG,CATGAGATCAATAGCTGGTCCTAAT
AD,LPG,ADLPG20,lpg2155,BC2,AD001C18,CTATTTCGTGTGCCCGGCTTTGAAC,TGGACACGAAGAAACCGTTCCATAA
AD,LPG,ADLPG20,lpg2155,BC3,AD001D1,TACCTCCGCAGGTTTTGAATTAATG,AGAAGTGTAGTTATAGCAGACCGTG
AD,LPG,ADLPG21,lpg2156,BC1,AD001E15,TCTGTCGTACTTCAAGATTGTTGAA,CATAGGTGTATTAACTAATGGGATC
AD,LPG,ADLPG22,lpg2157,BC1,AD001D12,TTTGATGATCTTTTATATCTAACTA,AGTACCCTCGAAACCAGGCAAAGGA
AD,LPG,ADLPG22,lpg2157,BC2,AD001D13,CGTCCTTGATTAGTAACCCGGTTCA,GCAGGATAAACTCTGATAATACACG
AD,LPG,ADLPG22,lpg2157,BC3,AD001D15,CAGCTAAGGCTTTGGGGGTTTGAAG,ACCGGGTAAGTAAGAATCATGCCTT
AD,LPG,ADLPG23,lpg2298,BC1,AD001A24,TTAAATGAGCGCGAAGTTCTTCGTA,GCGTAGTCACTGAGAACATCTGGCG
AD,LPG,ADLPG23,lpg2298,BC2,AD001B18,CTTGTATTAGTTCTATCCGTTCCCT,ATGAGACAAAAGTTGGATTTGGTAA
AD,LPG,ADLPG23,lpg2298,BC3,AD001C19,GCTAACAAATTGCTCTAAATACCCG,GCGAAAATGAAGTGTGCGCAAACAT
AD,LPG,ADLPG24,lpg2344,BC2,AD001C21,ATTCCTGCGCAGCTCTACCAAGATG,TTTTGCCTATTCTCTAAAATCA
AD,LPG,ADLPG24,lpg2344,BC3,AD001C22,GTTTTTAGGTACTTGCAGGCTTGCC,CAGGATCGTAAAAACTTTATTATCT
AD,LPG,ADLPG25,lpg2391,BC1,AD001A8,CACGAGCTGAACCATCGTTTGAATT,CAGATTCGAAGCGTGGCTGATGGAA
AD,LPG,ADLPG25,lpg2391,BC2,AD001C6,TTAATACTTCGGTAACATCTTATTA,TTATTCAGATCGGTTGATCTAAATG
AD,LPG,ADLPG25,lpg2391,BC3,AD001D2,AGTATTTTGAGTAAATTATTGCCTG,TTCTGATGACCGCTATTGGGAAA
AD,LPG,ADLPG26,lpg2452,BC1,AD001D23,ATACATACTACGCTTCAGTCGTGCG,AAGCTATCCATTATATAGACCATTG
AD,LPG,ADLPG26,lpg2452,BC2,AD001E1,TGGTCAATATCTGTTATTTGTATAA,ACCCGATTTTATAACTATTTACATC
AD,LPG,ADLPG27,lpg2464,BC1,AD001A9,AATTAGGTTGCGGGCGGGTAGTGGA,CATGCGCCATACCCAAAGCCGAACA
AD,LPG,ADLPG27,lpg2464,BC2,AD001C13,TGGGTTCCGGAGGGATTGAGCTTGA,CTTATTCAGAAATACGTATCGGATA
AD,LPG,ADLPG27,lpg2464,BC3,AD001D3,ATCTTCAATTTTTAATGGATGTGCG,GTACTTCTTAATGAAAGGTATGGAT
AD,LPG,ADLPG28,lpg2465,BC1,AD001A10,TCATTCAGTGACCCTTAGCCGTAAA,GGTGAACAGAGCCAGCATGAACATA
AD,LPG,ADLPG28,lpg2465,BC2,AD001C14,ACAAACATATCGAAAATGGGAATTT,TTTGCCCAGCCCTGGTAGATCAGGA
AD,LPG,ADLPG28,lpg2465,BC3,AD001C23,AAGTTTGGTTGCCGCGGCTGGCTCA,TATAATAGACTACGAACATAACGGT
AD,LPG,ADLPG29,lpg2482,BC1,AD001A11,ATCGAAGTCGCTGTGCCTTTGAAT,ATGCTAGACAGGACAAACAAGAGCG
AD,LPG,ADLPG29,lpg2482,BC2,AD001B1,TGAGAAAGGTAATGAGCGG,CGTCAACACGTTCCATACCTGGAGT
AD,LPG,ADLPG29,lpg2482,BC3,AD001C7,GAAAATTTTAAACGATGCCATTAAT,GGGGATACGGAGTGTTATCGTCCCT
AD,LPG,ADLPG30,lpg2508,BC1,AD001B11,TAGTAACGGAAAACGATTGGGGGGG,GGAACACTTCTAGGTATCCGAATTT
AD,LPG,ADLPG30,lpg2508,BC2,AD001B19,TATTTCTTGGCTAGGACAGCCTGTC,GCCAGAAGACTGTCCGCACTTTCAA
AD,LPG,ADLPG31,lpg2510,BC1,AD001B2,TCGCGTGGTTTTTCCCCTATTCTGT,CTGCTGATAAAGTAACATAGCCAGT
AD,LPG,ADLPG31,lpg2510,BC2,AD001B12,TAATTCCACAGTAGATGTGCAATCA,AGTAATATGCGAGCTGGCATATCTA
AD,LPG,ADLPG32,lpg2523,BC1,AD001A12,AGTTATCGACTTAACGCTTAGTGCG,GTTAGCCTCCGAACGCGTGCTTTCT
AD,LPG,ADLPG32,lpg2523,BC2,AD001C8,GATTTCTGAGACTTATACAAATAAG,GCACAACTGCCAAATGAACGCTAGC
AD,LPG,ADLPG32,lpg2523,BC3,AD001C24,CCTCCAAATAAGAGTGCTGGGCATG,GCGTTTAGTCACTTGGTGTCGCGAA
AD,LPG,ADLPG33,lpg2526,BC1,AD001B3,CGTTCTGATGCAGATGGCCATCACA,CCTAGCGAGCCGCATCCCTCGGCAC
AD,LPG,ADLPG33,lpg2526,BC2,AD001B20,TACAGGTTCAAAGCTTTGGCATGGT,TGGAAATGTTGTCGTCAAAGCGCTT
AD,LPG,ADLPG33,lpg2526,BC3,AD001C9,AAATTAATTCCGTAATTATAGGTTA,AGTCACCATTTCTGTAGTACGCCCA
AD,LPG,ADLPG34,lpg2829,BC1,AD001E16,CGGTCGACCTAGAAAACTACAGGCA,ACACCACGTTTCGCTTCCATTATAA
AD,LPG,ADLPG35,lpg2830,BC1,AD001A13,TCCCCTGAAGATAGCAAGGTATCTA,CAAATCTATGCGACAAATACGTGGA
AD,LPG,ADLPG35,lpg2830,BC2,AD001B4,TGTGTCTTCTTTACATGTGAGGTGT,CACGTAGTTAAAAGGCTACTTAACA
AD,LPG,ADLPG35,lpg2830,BC3,AD001B13,TCGTTCTTTATGTATTCAAATTTTT,TCCACGCGTAGACAAGCAAAGTCC
AD,LPG,ADLPG36,lpg2975,BC1,AD001B14,AAGATTGCTTGAGCCAGCTCAATAA,ACTGCGAAGATACTACAGAACAATG
AD,LPG,ADLPG36,lpg2975,BC2,AD001B21,AGAGTTACGGGATCACACTTTTTTT,CACTACATTGAGCCCACCACTGCCA
AD,LPG,ADLPG36,lpg2975,BC3,AD001C15,ATTCCACATTTTCACCTTAAATAAC,GGCGAGGCTGTCCAATTCCTTGAAT
DB,PRS,DBPRS01,ARL2,BC1,DBPlatinum4A14,GCCGTGTTAAGCATCTCTTCACACT,GCCTAGTAATTGACCGGTTTATTAT
DB,PRS,DBPRS01,ARL2,BC2,DBPlatinum4A15,TCCGTTAAAATCGAACTGTCCCATT,TTCGGCTTTCTCCAGTTCCCATTGA
DB,PRS,DBPRS01,ARL2,BC3,DBPlatinum4A16,ACAACCACCGGCCATAAGAGGGACA,ACAGTTTATTTTATTCCCCCCTATA
DB,PRS,DBPRS02,BCL2L2,BC1,DBPlatinum3I10,AGGTACGGAATAAGCTCGACCTACA,ACTTCAGCCCCTTGAGCTAATCCGT
DB,PRS,DBPRS02,BCL2L2,BC2,DBPlatinum3I11,CCTGTCCTCCTATAGCTTCTCGCAA,ATCGGCATAAATTCCTTGTACGATC
DB,PRS,DBPRS02,BCL2L2,BC3,DBPlatinum3I12,AGTACTAACTTCATAACAGCATATT,TCCACTCGACTGATCTAACTATCAC
DB,PRS,DBPRS03,BNIP3,BC1,DBPlatinum4A05,CGTAGATAAAGTCAAGTAACATCAG,CATAGGAAGGAATTTGATCGTGGGC
DB,PRS,DBPRS03,BNIP3,BC2,DBPlatinum4A06,GAAAGTACTAACATGGTTGTTGAAG,ACAGCTATCGGATATTCTTAAGCTT
DB,PRS,DBPRS03,BNIP3,BC3,DBPlatinum4A07,ATTGTCGCCTAATTAATGGACAAGT,AATTAATTCAGGATTCGACGTTTAG
DB,PRS,DBPRS04,BTG1,BC1,DBPlatinum3P21,ATGAATGATTTATTCCATGGTATTA,ATGTTCTTTTTCATACATTTATTTA
DB,PRS,DBPRS04,BTG1,BC2,DBPlatinum3P22,ACGTATAAGTATCCATTGTAAAGAA,TGAGATGCACAACGGAGTCCCTACT
DB,PRS,DBPRS04,BTG1,BC3,DBPlatinum3P23,TTCATGTCGCATTAGGTTACTATGC,TTATTTAGTGGTGGTGATCCATTTC
DB,PRS,DBPRS05,CCND2,BC1,DBPlatinum4A03,GCTCCTTAAGCCGTCCGCGAGAGAC,TTCGGTTGTGACGTATAGGAAGGTA
DB,PRS,DBPRS05,CCND2,BC2,DBPlatinum4A04,CTATGCTAATCGACGAATCCCCATC,GTTAGGGTCAAGGCGTGGTCGTCTT
DB,PRS,DBPRS06,CDK4,BC1,DBPlatinum3I14,ATCATGGAGGCCTGACCATTATACA,TTTGGTCTTAGATGGATTGTAGAAA
DB,PRS,DBPRS06,CDK4,BC2,DBPlatinum3I15,GACAACAAAACATAAATCAGACACA,TTCGCGCCAAGTGCGAATTTTGCCT
DB,PRS,DBPRS06,CDK4,BC3,DBPlatinum3I16,AAACTCCCCCACTCGAGATGCCATC,AGCGCCATATATGTTTCTAAAAGAA
DB,PRS,DBPRS07,CDK6,BC1,DBPlatinum4A17,GCGGAGTGAAGATTATCCAAAACTT,TCTGTTCAATCCGGACGCATACTAT
DB,PRS,DBPRS07,CDK6,BC2,DBPlatinum4A18,AATAATAGAATGAAAGTAGAGATCG,GTAGCTTCAATACTGTTATGAATTT
DB,PRS,DBPRS07,CDK6,BC3,DBPlatinum4A19,TTTTCTATACTCGTTAAGTCTCAGG,CCAGTTATTTGTATTATAATCTAAT
DB,PRS,DBPRS08,EXOSC1,BC1,DBPlatinum4A23,ATATTATCGCAGTCGTGACTTAGTG,TAGGGTATAGGGTTTATGGCTTGGA
DB,PRS,DBPRS08,EXOSC1,BC2,DBPlatinum4A24,AAAATGAATCTACAGGAAATTATAT,CTACGATGACCGTCTTTTCTAGGCT
DB,PRS,DBPRS08,EXOSC1,BC3,DBPlatinum4B01,TAATGTTTCTGGGAGTCAAAGTAAC,GCCACTTTTAATATGGATCATTTGT
DB,PRS,DBPRS09,IKZF5,BC1,DBPlatinum3I13,TTCACTCGTAGAACTCTTCTGTTGC,TTCTTTCCTTCTAAATTATGTTGGT
DB,PRS,DBPRS10,LDLRAP1,BC1,DBPlatinum3P13,AAGGACATAGATTATAATACAAAAC,ACCAGTAACTCACAATTTTACCTTG
DB,PRS,DBPRS10,LDLRAP1,BC2,DBPlatinum3P14,CTCCTTAGCCCTGGAACTCATATCA,TTATTTACTGATCAGTCCGCCATCG
DB,PRS,DBPRS10,LDLRAP1,BC3,DBPlatinum3P15,CCCACTGAATCCATAGGTGACACAC,GACTTACATCAATTGTACAGACTAT
DB,PRS,DBPRS11,LSM2,BC1,DBPlatinum3P10,ACGACCTTATGGTTAGTAAATTGAT,AGAATTTAACAACCTTGCGTCCGGA
DB,PRS,DBPRS11,LSM2,BC2,DBPlatinum3P11,CCAAAAATAAGACAGCAAGAACT,TCTTAGACTCAAGCTAAATCTACAC
DB,PRS,DBPRS11,LSM2,BC3,DBPlatinum3P12,AAAATATATATGGCTATAACAAAGA,GGTGCCATCATTAAGTTAGTCGATT
DB,PRS,DBPRS12,MORF4L1,BC1,DBPlatinum3P18,GCCGCAAGTGTTTATGCTTCGGACT,GTCTTCGACCGTTTAGAGGTTAGCT
DB,PRS,DBPRS12,MORF4L1,BC2,DBPlatinum3P19,CGCCGACCCCCGCGACCGTAGCAGC,TTACAGTATTCGCCGCTAATATCGT
DB,PRS,DBPRS12,MORF4L1,BC3,DBPlatinum3P20,CATAGTCCCTCTCTCACTAGTGGAT,CGAACACTTTCTTCTTCATCGTATG
DB,PRS,DBPRS13,MRFAP1,BC1,DBPlatinum3P07,CTGAAAAGTTTATAATGCAGGGGAC,TTTTGGATGTTACTTAATTAGTGGG
DB,PRS,DBPRS13,MRFAP1,BC2,DBPlatinum3P08,AGGACTCGAATGCTAGTACTAATAA,ATGGAGTAGAAGTCTTGGGTTTCTA
DB,PRS,DBPRS13,MRFAP1,BC3,DBPlatinum3P09,ATATCGGCCAAATTTAAGAGCAGAA,GAATTTCACTCTGAACTAGAAATTA
DB,PRS,DBPRS14,PSMC1,BC1,DBPlatinum4A11,TAGTCCTAAGCGAGGTGAAACAACG,GTTGCCTCTTGAGAATAGCTATGTG
DB,PRS,DBPRS14,PSMC1,BC2,DBPlatinum4A12,GCCCAAGTGATACGGTGAATTCACG,GGCGAACTGATAACCCAGGGTCCAG
DB,PRS,DBPRS14,PSMC1,BC3,DBPlatinum4A13,GACGGAGTTCAATTGATAGAGCCAA,TCATATACGGTAAGATTTATTTAGT
DB,PRS,DBPRS15,PSMD5,BC1,DBPlatinum3P16,AAACACTAAAAAGCCGTTTTATTAA,TGTTTTACGCGAACTAGACAGATCA
DB,PRS,DBPRS15,PSMD5,BC2,DBPlatinum3P17,GCATAGGACGTCTTGCATGGAGACT,TTTTTTGGGTGTGATTAGATATGTA
DB,PRS,DBPRS16,S100P,BC1,DBPlatinum4A08,CAGCTCACTATTGAATGGGCTCTAC,TATTATAATATTTCTATTTTCCAGA
DB,PRS,DBPRS16,S100P,BC2,DBPlatinum4A09,TCCTTACCAGATGTAGTGAACTCGC,CCACCTCACTCTTGTGGAGGTTGTT
DB,PRS,DBPRS16,S100P,BC3,DBPlatinum4A10,AATTCACTGTAAGAAACCCCCGCAA,ATAGTCACGCTCCATCGTCGTTCGG
DB,PRS,DBPRS17,SH3GLB1,BC1,DBPlatinum4B02,AACACAATGGCTCTGATACCTCCGA,TAACATACCAGATGCTGTTCGACAG
DB,PRS,DBPRS17,SH3GLB1,BC2,DBPlatinum4B03,ACAGCTTATAGAAGAGTTCAAAGAT,GCTATCCTTCGGACTCGAGGGTGCA
DB,PRS,DBPRS18,TSG101,BC1,DBPlatinum3P04,ATCCAATATTACAGCGTCCGTCCAC,AACTTTTAGAACTGTTTGTGTTATT
DB,PRS,DBPRS18,TSG101,BC2,DBPlatinum3P05,AGACACCATAAAGCACTGAGTTCCA,ATTTTACGAGATGTCAGGATGACCA
DB,PRS,DBPRS18,TSG101,BC3,DBPlatinum3P06,CAACTTACAATGCATCTACCCAGAC,CTTCATGGCAGATATATGCTCAACG
DB,LPG,DBLPG01,lpg0080,BC1,DB001B2,GGCATGTTGAACTTGAGCGTTGTGG,TGTATTCGAGCTAAGGATCAGCTTT
DB,LPG,DBLPG01,lpg0080,BC2,DB001B3,ATCAGTATAGTTATTCAGCTTGCAA,ACCACATCAAACAAACACAACAACT
DB,LPG,DBLPG01,lpg0080,BC3,DB001B4,TTATGTTCAGCAAACTTTTCTTTTT,GATTATACTTAAGAATGAAACCGAA
DB,LPG,DBLPG02,lpg0081,BC1,DB001D14,GAACGTTCAATTCTCAGTAGCCAGT,CAAACTGATTGTCCAGAATAACTCG
DB,LPG,DBLPG02,lpg0081,BC2,DB001D15,GGTATAAGGTGCTTGGTCATACATT,GGTGGCAGGAGAATTGAAATTCTCG
DB,LPG,DBLPG03,lpg0130,BC1,DB001D1,TGATCCCCATCACTTCATGTAGTCA,ATCGGTCCTTACTTTTTTCTCTCAT
DB,LPG,DBLPG03,lpg0130,BC2,DB001D2,GATATATTCCTTTGGGCTCTTTATA,GCGTTTGTCAGGAAAGCTGAAGCGC
DB,LPG,DBLPG04,lpg0208,BC1,DB001C17,CCATTTGATCAACAGATCTCCTTCT,TTACTATTATGTTCGAAAAACTTAT
DB,LPG,DBLPG04,lpg0208,BC2,DB001C18,GGGATCGGGGGAGCGGAGAGGGGGC,TGTCATACCGTACGATAACCTTGTT
DB,LPG,DBLPG05,lpg0210,BC1,DB001A17,TATATGCTAGTAAGATGTATTGTAG,CCTGTCCAGGAACCACCCCGCAAGT
DB,LPG,DBLPG05,lpg0210,BC2,DB001A18,TAAGTATTTACCTTCACTTTGCGCG,TAGAAGATTTAATATAACAAGAAAT
DB,LPG,DBLPG05,lpg0210,BC3,DB001A19,TTGTTTATCTTGGATATATGATGCT,GAACACCGCTCTTCCATCGATTGTA
DB,LPG,DBLPG06,lpg0234,BC1,DB001A1,ATATGTTGGACTACGGACTTCAAAG,TGGGCTCTCACTTAAAAACAAGAAA
DB,LPG,DBLPG07,lpg0436,BC1,DB001A8,GTAGTATAATTCTGAAGAAGAGGAT,CTCAAATCTAGAAAACGGCGATACA
DB,LPG,DBLPG07,lpg0436,BC2,DB001A9,TACCTATATTTTGGAAAGTCATACT,GCGAGAACTTACATCAGGAGACATT
DB,LPG,DBLPG07,lpg0436,BC3,DB001A10,CTATAGTATCTCTATGGAGGTACAT,GCGCTCATGCTTAAAATAAATTTGC
DB,LPG,DBLPG08,lpg0437,BC1,DB001C11,TTGATGAGCTTACGCAATCTTTTGG,GCTCCTAGTTAGGGTGAGGTAACTT
DB,LPG,DBLPG08,lpg0437,BC2,DB001C12,CCCATGGATTAACCTGATGTTTCCA,CCTTGGTACCAGGTCCCTCGTTCGC
DB,LPG,DBLPG08,lpg0437,BC3,DB001C13,AATGTTAATATCTAGGATGTCTCGC,TATCACATAAGCCTTAAAGCCACTCAGTC
DB,LPG,DBLPG09,lpg0695,BC1,DB001C2,ACAAGGATTAAAAAGAGTTGCTGCG,CACAGCGCACGTGCCGAGCTATTCT
DB,LPG,DBLPG09,lpg0695,BC2,DB001C3,TTTAGCGTGAGCATAGATGCAGTGT,CTTAGCGCACCTTTTGACCCGGTAG
DB,LPG,DBLPG09,lpg0695,BC3,DB001C4,AAGGGCTGAGAAATGCACGTCGGGT,GAACTTGAATAGCTAAAATGGCCCC
DB,LPG,DBLPG10,lpg0696,BC1,DB001A14,CTGATGCACGTGTTTTTGGCATTAT,ATAAGACCCATCTAATGATTCCTCA
DB,LPG,DBLPG10,lpg0696,BC2,DB001A15,CATTTCGAATTCGCATCTCTTCGCT,GGGATATTACTCAGGTGGATCATGG
DB,LPG,DBLPG10,lpg0696,BC3,DB001A16,CTAGGTTAAGTGAGGGTCTTATTA,CAAGAGCACGTTCTGCTTGGCCGCC
DB,LPG,DBLPG11,lpg0944,BC1,DB001B23,TCGGGTGGAGAGCGTGAGCGGTTGG,TCGCGCCTCATGGCATCCGAGAACT
DB,LPG,DBLPG11,lpg0944,BC2,DB001B24,GATCCGTACGAATAGGAAACCGTAG,AGTTCTTCCCCCTCGGCCTTCCAGC
DB,LPG,DBLPG11,lpg0944,BC3,DB001C1,AGGTCACCTCATAAGTTTAACCGTT,ATGAGTTAACTATCGCGATCACCCA
DB,LPG,DBLPG12,lpg0945,BC1,DB001B20,GGACCTGTTCCATTCTATCCCATTT,TAGTTTGAAGAATAACTGATACTTA
DB,LPG,DBLPG12,lpg0945,BC2,DB001B21,TGTACACGTCCAACACTATTTCTCT,ATAGTTATTTGTCATAACTTACCAG
DB,LPG,DBLPG12,lpg0945,BC3,DB001B22,AGCCTCGTGTTACTTCGTATAAGTG,AAAAAGACTACGCCGAACGGTGACA
DB,LPG,DBLPG13,lpg1108,BC1,DB001D16,TTAAAAGGGGTTAACATTATATAAC,CTGCCCCAATGCAACCTAGACCGAG
DB,LPG,DBLPG13,lpg1108,BC2,DB001D17,GTGGGTCTTGTAGAATTATGATCGC,AATTACCTACAACTGTCGTACAAG
DB,LPG,DBLPG13,lpg1108,BC3,DB001D18,TTCGGTACTTCGGTGGTATTAGTTC,GTTAACAAGGTTTCAAAAACAAAGA
DB,LPG,DBLPG14,lpg1148,BC1,DB001D6,TTGTTAACTATCTTATTTCAAAGGC,TAAGGAACTATAATTATGTATGAGACTCAGTC
DB,LPG,DBLPG14,lpg1148,BC2,DB001D7,CAAAGTAAGATAAGAAACGACTAAT,ATGGACAAAGTTGCCGGAGTCTACG
DB,LPG,DBLPG14,lpg1148,BC3,DB001D8,GGCTTCGCGTTGCCAGGATTGCAAT,TACTTGTAATGGCAAAAGGTTGGGT
DB,LPG,DBLPG15,lpg1701,BC1,DB001C19,TTCGGTGGCTTACGGGGGGATGGAT,ACGCCCCCCGGTATTAGAGATCATC
DB,LPG,DBLPG15,lpg1701,BC2,DB001C20,TAAGCTGGACTGTCATATTGGGATC,GGAGTTTTACAATAGAACTTGGGCA
DB,LPG,DBLPG15,lpg1701,BC3,DB001C21,TCATGTCTACCCAAACTGCTAAGTC,CTGCTGACCGAACATGCGTTTCCGT
DB,LPG,DBLPG16,lpg1959,BC1,DB001D19,GCTCGAATTACAAAATTTCGGCTTA,GTGTTAAAACTCATACATAGGAGAT
DB,LPG,DBLPG16,lpg1959,BC2,DB001D20,ACTATGTTTTAGAGATAAAGCAGAT,TGGCTATTGCATAATTGAAGCTGGT
DB,LPG,DBLPG17,lpg2147,BC1,DB001A23,TAAGGCATTTTTCTCAAATTCTTGT,GCACAGCTAGAGAGAGTGTCATATT
DB,LPG,DBLPG17,lpg2147,BC2,DB001A24,CTTTGTATATGCACAAATAAGAGAA,AATCGTAGGCAATTCATACCGTCCA
DB,LPG,DBLPG17,lpg2147,BC3,DB001B1,CTTAGCTTTAATAATCTGATTTTAC,TTTACATAGAGAATATGAGAGACGC
DB,LPG,DBLPG18,lpg2148,BC1,DB001B14,CCGTAAATAGAAGGAATTCTCTTAG,GTCCATTCAGGAATCCAGGTGTTAT
DB,LPG,DBLPG18,lpg2148,BC2,DB001B15,TAGGTTTGCAGTTGTGTGCGGGGGA,ATACTATCCCTTTTTGTAAGCTCCC
DB,LPG,DBLPG18,lpg2148,BC3,DB001B16,ATGAGCGAACGTTTCTTTATTTATT,ATTTATTCGCCAATAGAAGTAGCGT
DB,LPG,DBLPG19,lpg2153,BC1,DB001D12,ATCGATCTAGTTGTGAAAGAATTTA,CTGGGACGATACAGCTAGCCTAACG
DB,LPG,DBLPG20,lpg2155,BC1,DB001D13,ACTTTTTTTCTATTTCCTAAGTGCT,GAGCGAGGAGTTAAAGCTTTCTAAA
DB,LPG,DBLPG20,lpg2155,BC2,DB001G4,CTCTGTGATTCATCACTTCGTTGGT,CTGCCTGGCGGGCAGACTCCTAGGA
DB,LPG,DBLPG20,lpg2155,BC3,DB001G5,ATCGCGGCATACATTAATTATCATT,GTATACGAAATTATAACCTATATGA
DB,LPG,DBLPG20,lpg2155,BC4,DB001G6,ATACAAGCCTCAGATCCCCCGTTTG,AGTACAGTGGAAACGCGGAGAATTT
DB,LPG,DBLPG21,lpg2156,BC1,DB001F18,GATAGCTTATGAACCGTGTATGGCC,CTTCCTGTGCAATGGACAAAAATGA
DB,LPG,DBLPG21,lpg2156,BC2,DB001F20,AAATTCGCTTATAATATGCGGCATG,TCGAAACCCCAACGTCGCCATCCAA
DB,LPG,DBLPG21,lpg2156,BC3,DB001F23,CGTGTCCCCGAAAGGGTGTGCGGAG,GCCAGGCCATCGCGTGGCCGTA
DB,LPG,DBLPG22,lpg2157,BC1,DB001A2,GATAAATCCGCGACGTACTTCTTAG,GAAACAGATAGAGTCTGGACTAGCC
DB,LPG,DBLPG22,lpg2157,BC2,DB001A3,TTTAGATGATGCTGCGTCAGAACGT,GCGCAGGCAGAACTCTCGCTGGGTC
DB,LPG,DBLPG22,lpg2157,BC3,DB001A4,TCACACGTTTTACCTGGTTTTTGCA,TTCTGGTGGCGCAATTAACACTAAG
DB,LPG,DBLPG23,lpg2298,BC1,DB001A20,TTTCTAGGAGAAAAGCCATGCTCTT,TTCCACAAGGCAAGTCCAGAAGTTA
DB,LPG,DBLPG23,lpg2298,BC2,DB001A21,GCGCGATCACTGACTGCATGGTCCC,CGTGGACAGATGCGAACCTTCCAGG
DB,LPG,DBLPG23,lpg2298,BC3,DB001A22,CCTACTTGTGCTACGTAGGGTTTTG,TAGTTTACCGATATGAGAACAATCA
DB,LPG,DBLPG24,lpg2344,BC1,DB001C7,ATTATCCCTTGCTCGTTTCGCCCAT,TACACATAGTACACGGAATCAACAG
DB,LPG,DBLPG24,lpg2344,BC2,DB001C5,CTATTGCTATATATTAAGATTCGAA,TGCGGTTAATAGTAACTGCCTATCG
DB,LPG,DBLPG24,lpg2344,BC3,DB001C6,GCTAGGTTCATGGTGCATAGGTTTG,CACGGGCCTCGAGCTAAACGCATAC
DB,LPG,DBLPG25,lpg2391,BC1,DB001B8,ATTAAACGCCTCACTGGACTCAATC,GGATCGATGTCAATCGCAAAAATTA
DB,LPG,DBLPG25,lpg2391,BC2,DB001B9,TCTCTCTATCCTTATAATTTTGCAA,ATAACTTAAGAAGACAACGAGCATT
DB,LPG,DBLPG25,lpg2391,BC3,DB001B10,GTCGTCCAGGGGGCGGGGGTGCTTC,AATAATGCGATTAACAGAAATAATA
DB,LPG,DBLPG26,lpg2452,BC1,DB001A5,AGGCACTGATGGATCGGCAGCGCTC,TGCGCTGTGTATTAGTGAAGACCCA
DB,LPG,DBLPG26,lpg2452,BC2,DB001A6,TAATAATTTATTTTGAGTTAACATT,TTTAATCCAATTTCTTAAATGAGGA
DB,LPG,DBLPG26,lpg2452,BC3,DB001A7,TTCAACCTGTGGTGTTGTTCTTCGT,GGGTAATGGTTGCGTCGGTACTACC
DB,LPG,DBLPG27,lpg2464,BC1,DB001B11,GCCTTGAAGCGTAGACATTAGACTC,ACCTGCGCCTACCCCCGATCTGAGT
DB,LPG,DBLPG27,lpg2464,BC2,DB001B12,CGTGTCATTATTCAAAGACATTATC,TCCATTGACGGATTGCCATCATGCA
DB,LPG,DBLPG27,lpg2464,BC3,DB001B13,TTATGTGGAATTTTATGGGTATTAC,AGCCTCACCTACTGACCTGCATTCT
DB,LPG,DBLPG28,lpg2465,BC1,DB001B17,ATTCGCATTGTCCTCTTGGTTCCAC,CAGCACATACCATAACGCGCGTATG
DB,LPG,DBLPG28,lpg2465,BC2,DB001B18,ACAATATACACTTCTCTTTTTTTAG,ACTGCCCGGTTTCCGCGGGACTCTT
DB,LPG,DBLPG28,lpg2465,BC3,DB001B19,CAATTAGGCCTAAGGTTTTCAACTT,GGACTACTTAACTAAATTCACAAAA
DB,LPG,DBLPG29,lpg2482,BC1,DB001D4,TGAAGAAGGTGTAGCAATTTTGTTA,ATTGGGCAAAGTGGTGCAACTAAAT
DB,LPG,DBLPG29,lpg2482,BC2,DB001D5,TACTATGGCCCTTCATATTGTCGTA,GGCCGCTTACTCGCCCGGAACCGTA
DB,LPG,DBLPG29,lpg2482,BC3,DB001D3,CTCCCGTTATAGGGTCAGAATCGTC,CAGTTACTGAATATCAGAGGGTGGA
DB,LPG,DBLPG30,lpg2508,BC1,DB001C14,TATATGACCGAGGGATATGAGGCAT,ACGCATAGGCGTATAAAAGTATATG
DB,LPG,DBLPG30,lpg2508,BC2,DB001C15,TATAATACGGCATTGTGGAGAGGTC,CAAGAGAAAACGACCAAGGGTCCAG
DB,LPG,DBLPG30,lpg2508,BC3,DB001C16,TACGCATTCACATTGTAGATAAAGG,ATTCAATTCTGCAGGATAATCATGT
DB,LPG,DBLPG31,lpg2510,BC1,DB001C24,GATGAGAGAGGGGAGAAGAGACGAG,GCGTAAACCGATATTTCTATCAATG
DB,LPG,DBLPG31,lpg2510,BC2,DB001C22,TCTTCTCTCACAGATTATGTCCGTG,TAGGAGAAGGTACCTGCGTGTGTAT
DB,LPG,DBLPG31,lpg2510,BC3,DB001C23,GTTGTCCTTGACTAATATGACCTGA,CTTCTATTGTTCGACCACGATGCAA
DB,LPG,DBLPG32,lpg2523,BC1,DB001C8,ACTTCCTACTTTTTATTTTAAAACA,ATCTGAAAAGCGTATATGCATATCA
DB,LPG,DBLPG32,lpg2523,BC2,DB001C9,ATCCTAACGTGGGTTGGAAAGCTTC,ACCCGACATTAAATCGAGATGGTAA
DB,LPG,DBLPG32,lpg2523,BC3,DB001C10,GGACGTCCTCGAATCAGCGAACGTT,TCAAAAGGGAAGGTCGACCTAATTG
DB,LPG,DBLPG33,lpg2526,BC1,DB001B5,TCGGTACTTGCCTACGTCCATCGTC,CCTGGGTGGAACCCCCACCATTACT
DB,LPG,DBLPG33,lpg2526,BC2,DB001B6,GAGATGTGATTTGCTATTTGGTCTA,CCGTACCGCCACCCACTTAGAGGTA
DB,LPG,DBLPG33,lpg2526,BC3,DB001B7,CATCGCCATTGATCTAGTAGATTGG,GAATGATGAAAATCAAACTATGATG
DB,LPG,DBLPG34,lpg2829,BC1,DB001F1,GTCTGTTATCATTTAAATTCAAGTT,GGCATCCATTAAATGTACTTGGTAA
DB,LPG,DBLPG34,lpg2829,BC2,DB001E22,CTTGAGAATAATCGCAAATTTGGCT,GTGACGGTCTATTCTATTAAACCAA
DB,LPG,DBLPG34,lpg2829,BC3,DB001F5,GTTTACGCATAGTCCAATATCCCTA,GTGGTTAGTAAACATACTACTAAAA
DB,LPG,DBLPG35,lpg2830,BC1,DB001D9,TTTACAGTTGACTCTAAACTTAATG,AACCACATTCTTGTCTCAGCAACTA
DB,LPG,DBLPG35,lpg2830,BC2,DB001D10,CTAGGTACCCCATGTTTGGTTACTA,GTTTCTAAGTCTACCGAATACAGAT
DB,LPG,DBLPG35,lpg2830,BC3,DB001D11,CCTCATCTTGAGTGATCTCCTTTAG,TACTGGGCAGTACCATAAATATTAC
DB,LPG,DBLPG36,lpg2975,BC1,DB001A11,CTTAAACATACGTAATTCATTCAAA,ATTAAACGAATGTCTCTAATGTGGA
DB,LPG,DBLPG36,lpg2975,BC2,DB001A12,ATTGCGGCCCACACCTTGGCCTACT,TGATGGGTGCTTGCAAGTAACCGAA
DB,LPG,DBLPG36,lpg2975,BC3,DB001A13,ATGCAATTCGTCGTATTTTATTCTA,AAAATCGACATAGATGATTCAATTA